{"cameraMode":{"drawMode":0,"name":"Shaded","section":"Shading Mode"},"sceneLighting":true,"audioPlay":false,"sceneViewState":{"m_AlwaysRefresh":false,"showFog":true,"showSkybox":false,"showFlares":true,"showImageEffects":true,"showParticleSystems":true,"showVisualEffectGraphs":true,"m_FxEnabled":true},"in2DMode":false,"pivot":{"x":1.529032588005066,"y":19.337562561035158,"z":-2.649341583251953},"rotation":{"x":-0.10746566206216812,"y":0.016050711274147035,"z":-0.004960970487445593,"w":-0.9943804144859314},"size":30.556297302246095,"orthographic":false}