{"cameraMode":{"drawMode":0,"name":"Shaded","section":"Shading Mode"},"sceneLighting":true,"audioPlay":false,"sceneViewState":{"m_AlwaysRefresh":false,"showFog":true,"showSkybox":true,"showFlares":true,"showImageEffects":true,"showParticleSystems":true,"showVisualEffectGraphs":true,"m_FxEnabled":true},"in2DMode":false,"pivot":{"x":551.5291137695313,"y":2.6394195556640627,"z":159.15940856933595},"rotation":{"x":0.27931684255599978,"y":0.060975681990385059,"z":-0.012477334588766098,"w":0.9586248397827148},"size":209.08743286132813,"orthographic":false}